Timestamp,Level,Message
2025-03-09 12:18:20,CRITICAL,Security breach detected.
2025-03-09 13:02:17,DEBUG,Step-by-step trace enabled.
2025-03-09 13:45:44,CRITICAL,Kernel panic occurred.
2025-03-09 14:33:22,DEBUG,Variable x initialized.
2025-03-09 15:19:44,INFO,Connection established.
2025-03-09 15:30:08,INFO,System boot completed.
2025-03-09 15:39:50,DEBUG,Variable x initialized.
2025-03-09 16:12:13,WARNING,Configuration file missing optional parameters.
2025-03-09 16:18:16,ERROR,File not found.
2025-03-09 16:19:47,DEBUG,Debug mode is ON.
2025-03-09 16:36:33,DEBUG,Entering function handle_request().
2025-03-09 17:45:59,CRITICAL,Kernel panic occurred.
2025-03-09 17:48:04,CRITICAL,Data corruption found.
2025-03-09 18:29:50,CRITICAL,Kernel panic occurred.
2025-03-09 20:10:55,INFO,User logged in successfully.
2025-03-09 20:55:51,ERROR,Permission denied while accessing resource.
2025-03-09 20:56:40,CRITICAL,System crash imminent.
2025-03-09 22:43:03,INFO,System boot completed.
2025-03-09 23:55:10,INFO,System boot completed.
2025-03-10 00:03:07,DEBUG,Debug mode is ON.
2025-03-10 00:16:54,CRITICAL,System crash imminent.
2025-03-10 00:21:07,DEBUG,Step-by-step trace enabled.
2025-03-10 02:16:12,ERROR,Permission denied while accessing resource.
2025-03-10 02:42:32,ERROR,Failed to connect to database.
2025-03-10 03:30:34,WARNING,API rate limit approaching.
2025-03-10 04:40:57,WARNING,API rate limit approaching.
2025-03-10 04:55:26,DEBUG,Debug mode is ON.
2025-03-10 05:48:37,INFO,Connection established.
2025-03-10 05:50:20,ERROR,Unhandled exception occurred.
2025-03-10 06:58:59,DEBUG,Debug mode is ON.
2025-03-10 07:56:12,WARNING,API rate limit approaching.
2025-03-10 09:29:56,CRITICAL,System crash imminent.
2025-03-10 09:50:20,DEBUG,Debug mode is ON.
2025-03-10 09:50:31,CRITICAL,System crash imminent.
2025-03-10 10:21:17,INFO,Scheduled job executed.
2025-03-10 10:29:21,WARNING,Memory usage is above threshold.
2025-03-10 11:26:57,CRITICAL,Kernel panic occurred.
2025-03-10 11:40:32,INFO,Scheduled job executed.
2025-03-10 11:47:28,WARNING,Configuration file missing optional parameters.
2025-03-10 12:02:51,DEBUG,Step-by-step trace enabled.
2025-03-10 12:06:48,ERROR,Permission denied while accessing resource.
2025-03-10 13:30:39,WARNING,Disk space running low.
2025-03-10 13:38:12,WARNING,Memory usage is above threshold.
2025-03-10 13:47:22,WARNING,Configuration file missing optional parameters.
2025-03-10 16:20:26,INFO,Connection established.
2025-03-10 16:44:49,ERROR,Unhandled exception occurred.
2025-03-10 18:06:47,CRITICAL,Data corruption found.
2025-03-10 18:17:20,DEBUG,Variable x initialized.
2025-03-10 18:25:20,DEBUG,Debug mode is ON.
2025-03-10 18:30:21,DEBUG,Entering function handle_request().
2025-03-10 18:57:53,INFO,User logged in successfully.
2025-03-10 19:49:24,ERROR,Failed to connect to database.
2025-03-10 20:03:18,ERROR,Failed to connect to database.
2025-03-10 20:30:14,WARNING,Disk space running low.
2025-03-10 20:34:46,DEBUG,Debug mode is ON.
2025-03-10 21:05:15,WARNING,Disk space running low.
2025-03-10 21:49:29,CRITICAL,Security breach detected.
2025-03-10 22:04:51,CRITICAL,Data corruption found.
2025-03-10 22:05:41,ERROR,Unhandled exception occurred.
2025-03-10 22:16:17,WARNING,API rate limit approaching.
2025-03-10 22:55:56,CRITICAL,Security breach detected.
2025-03-11 00:04:12,INFO,Scheduled job executed.
2025-03-11 00:06:52,DEBUG,Entering function handle_request().
2025-03-11 00:34:51,INFO,User logged in successfully.
2025-03-11 01:28:33,CRITICAL,Security breach detected.
2025-03-11 01:46:24,CRITICAL,Data corruption found.
2025-03-11 01:49:38,ERROR,Unhandled exception occurred.
2025-03-11 03:01:49,ERROR,File not found.
2025-03-11 03:59:13,WARNING,API rate limit approaching.
2025-03-11 04:28:39,DEBUG,Entering function handle_request().
2025-03-11 05:04:15,WARNING,Disk space running low.
2025-03-11 07:40:16,INFO,System boot completed.
2025-03-11 08:20:39,CRITICAL,System crash imminent.
2025-03-11 08:31:15,CRITICAL,Kernel panic occurred.
2025-03-11 09:23:16,CRITICAL,Security breach detected.
2025-03-11 10:35:26,CRITICAL,System crash imminent.
2025-03-11 11:07:34,ERROR,Unhandled exception occurred.
2025-03-11 12:42:40,CRITICAL,Data corruption found.
2025-03-11 13:07:35,ERROR,Permission denied while accessing resource.
2025-03-11 13:56:14,DEBUG,Step-by-step trace enabled.
2025-03-11 13:57:28,WARNING,Configuration file missing optional parameters.
2025-03-11 14:01:23,DEBUG,Variable x initialized.
2025-03-11 14:28:01,DEBUG,Debug mode is ON.
2025-03-11 15:12:03,INFO,System boot completed.
2025-03-11 16:10:15,CRITICAL,System crash imminent.
2025-03-11 19:04:56,DEBUG,Entering function handle_request().
2025-03-11 19:17:28,INFO,System boot completed.
2025-03-11 20:32:23,INFO,Connection established.
2025-03-11 21:07:48,WARNING,Memory usage is above threshold.
2025-03-11 21:50:13,DEBUG,Debug mode is ON.
2025-03-11 22:53:48,INFO,Scheduled job executed.
2025-03-11 23:03:35,WARNING,API rate limit approaching.
2025-03-11 23:56:27,DEBUG,Debug mode is ON.
2025-03-12 00:32:06,CRITICAL,Security breach detected.
2025-03-12 01:50:12,WARNING,API rate limit approaching.
2025-03-12 03:23:29,DEBUG,Step-by-step trace enabled.
2025-03-12 04:00:09,WARNING,Disk space running low.
2025-03-12 04:32:39,DEBUG,Debug mode is ON.
2025-03-12 04:42:35,DEBUG,Debug mode is ON.
2025-03-12 04:47:28,DEBUG,Step-by-step trace enabled.
2025-03-12 04:51:00,INFO,Connection established.
2025-03-12 05:38:03,INFO,Scheduled job executed.
2025-03-12 07:14:39,ERROR,Unhandled exception occurred.
2025-03-12 07:46:25,WARNING,Memory usage is above threshold.
2025-03-12 07:56:24,WARNING,Configuration file missing optional parameters.
2025-03-12 08:42:55,ERROR,Failed to connect to database.
2025-03-12 08:52:56,CRITICAL,Security breach detected.
2025-03-12 10:06:48,INFO,Connection established.
2025-03-12 10:29:34,DEBUG,Step-by-step trace enabled.
2025-03-12 10:32:53,INFO,Connection established.
2025-03-12 11:06:03,CRITICAL,Kernel panic occurred.
2025-03-12 11:36:50,WARNING,Memory usage is above threshold.
2025-03-12 11:39:38,CRITICAL,Security breach detected.
2025-03-12 12:37:16,ERROR,Unhandled exception occurred.
2025-03-12 12:48:20,INFO,Connection established.
2025-03-12 12:54:32,DEBUG,Variable x initialized.
2025-03-12 15:11:12,INFO,Scheduled job executed.
2025-03-12 15:15:52,CRITICAL,System crash imminent.
2025-03-12 15:44:03,ERROR,Permission denied while accessing resource.
2025-03-12 16:22:12,DEBUG,Step-by-step trace enabled.
2025-03-12 16:37:29,CRITICAL,Security breach detected.
2025-03-12 17:05:59,DEBUG,Step-by-step trace enabled.
2025-03-12 17:12:44,ERROR,Failed to connect to database.
2025-03-12 20:58:16,DEBUG,Step-by-step trace enabled.
2025-03-12 22:06:07,INFO,Scheduled job executed.
2025-03-12 22:49:53,DEBUG,Step-by-step trace enabled.
2025-03-12 22:56:24,ERROR,File not found.
2025-03-12 23:34:19,CRITICAL,System crash imminent.
2025-03-13 01:34:02,WARNING,Memory usage is above threshold.
2025-03-13 03:39:35,INFO,Connection established.
2025-03-13 05:33:57,CRITICAL,Data corruption found.
2025-03-13 06:12:51,ERROR,File not found.
2025-03-13 06:38:41,ERROR,Permission denied while accessing resource.
2025-03-13 06:57:22,DEBUG,Entering function handle_request().
2025-03-13 06:59:12,ERROR,Failed to connect to database.
2025-03-13 07:15:22,CRITICAL,Kernel panic occurred.
2025-03-13 07:24:10,INFO,User logged in successfully.
2025-03-13 08:45:27,CRITICAL,Data corruption found.
2025-03-13 09:46:26,CRITICAL,Security breach detected.
2025-03-13 09:50:18,WARNING,Configuration file missing optional parameters.
2025-03-13 10:07:41,WARNING,Configuration file missing optional parameters.
2025-03-13 10:46:44,ERROR,File not found.
2025-03-13 11:04:20,ERROR,Permission denied while accessing resource.
2025-03-13 11:17:17,WARNING,Configuration file missing optional parameters.
2025-03-13 11:36:54,WARNING,Configuration file missing optional parameters.
2025-03-13 12:00:20,WARNING,Configuration file missing optional parameters.
2025-03-13 12:19:34,DEBUG,Step-by-step trace enabled.
2025-03-13 13:45:17,CRITICAL,Kernel panic occurred.
2025-03-13 14:11:02,DEBUG,Entering function handle_request().
2025-03-13 14:11:48,WARNING,Configuration file missing optional parameters.
2025-03-13 14:36:11,WARNING,Memory usage is above threshold.
2025-03-13 16:18:54,CRITICAL,System crash imminent.
2025-03-13 16:26:39,ERROR,Permission denied while accessing resource.
2025-03-13 17:24:23,CRITICAL,Security breach detected.
2025-03-13 17:36:29,CRITICAL,Data corruption found.
2025-03-13 17:49:46,INFO,Connection established.
2025-03-13 21:09:05,DEBUG,Variable x initialized.
2025-03-13 21:13:19,CRITICAL,Security breach detected.
2025-03-13 22:29:59,INFO,Scheduled job executed.
2025-03-13 23:04:51,CRITICAL,Kernel panic occurred.
2025-03-14 00:23:28,CRITICAL,Security breach detected.
2025-03-14 00:54:16,CRITICAL,Security breach detected.
2025-03-14 01:41:41,DEBUG,Debug mode is ON.
2025-03-14 01:55:50,INFO,Scheduled job executed.
2025-03-14 02:19:25,WARNING,Configuration file missing optional parameters.
2025-03-14 03:12:26,ERROR,Failed to connect to database.
2025-03-14 03:16:07,DEBUG,Step-by-step trace enabled.
2025-03-14 03:48:59,CRITICAL,Security breach detected.
2025-03-14 03:53:45,CRITICAL,Security breach detected.
2025-03-14 04:45:24,DEBUG,Debug mode is ON.
2025-03-14 04:52:27,DEBUG,Debug mode is ON.
2025-03-14 05:27:24,ERROR,File not found.
2025-03-14 05:42:00,CRITICAL,Security breach detected.
2025-03-14 06:37:10,ERROR,File not found.
2025-03-14 06:38:54,INFO,User logged in successfully.
2025-03-14 08:38:00,CRITICAL,Security breach detected.
2025-03-14 09:05:03,DEBUG,Entering function handle_request().
2025-03-14 10:03:32,WARNING,Memory usage is above threshold.
2025-03-14 10:55:43,WARNING,Disk space running low.
2025-03-14 11:29:14,DEBUG,Debug mode is ON.
2025-03-14 11:52:04,CRITICAL,Security breach detected.
2025-03-14 12:03:37,DEBUG,Entering function handle_request().
2025-03-14 12:21:31,WARNING,API rate limit approaching.
2025-03-14 12:54:58,ERROR,Permission denied while accessing resource.
2025-03-14 14:06:05,WARNING,Configuration file missing optional parameters.
2025-03-14 16:13:22,INFO,Scheduled job executed.
2025-03-14 17:15:13,INFO,Scheduled job executed.
2025-03-14 17:30:09,ERROR,Permission denied while accessing resource.
2025-03-14 18:21:45,DEBUG,Entering function handle_request().
2025-03-14 20:34:52,WARNING,Disk space running low.
2025-03-14 20:47:31,WARNING,API rate limit approaching.
2025-03-14 20:50:50,WARNING,API rate limit approaching.
2025-03-14 22:09:38,WARNING,Memory usage is above threshold.
2025-03-14 22:47:27,ERROR,File not found.
2025-03-15 01:17:49,ERROR,Permission denied while accessing resource.
2025-03-15 01:28:18,INFO,System boot completed.
2025-03-15 02:22:14,WARNING,API rate limit approaching.
2025-03-15 04:34:56,CRITICAL,Security breach detected.
2025-03-15 04:37:09,DEBUG,Entering function handle_request().
2025-03-15 04:59:33,INFO,User logged in successfully.
2025-03-15 06:21:47,INFO,Scheduled job executed.
2025-03-15 07:40:36,INFO,Connection established.
2025-03-15 07:59:34,DEBUG,Entering function handle_request().
2025-03-15 08:31:46,CRITICAL,Kernel panic occurred.
2025-03-15 11:42:10,INFO,Connection established.
2025-03-15 12:32:19,INFO,User logged in successfully.
2025-03-15 13:04:21,CRITICAL,Data corruption found.
2025-03-15 13:59:01,DEBUG,Variable x initialized.
2025-03-15 14:04:27,WARNING,Configuration file missing optional parameters.
2025-03-15 15:55:03,DEBUG,Debug mode is ON.
2025-03-15 16:15:14,DEBUG,Entering function handle_request().
2025-03-15 16:18:13,INFO,Scheduled job executed.
2025-03-15 17:00:47,DEBUG,Debug mode is ON.
2025-03-15 17:09:12,CRITICAL,Security breach detected.
2025-03-15 17:23:11,INFO,Connection established.
2025-03-15 18:08:59,WARNING,API rate limit approaching.
2025-03-15 18:17:22,ERROR,Failed to connect to database.
2025-03-15 18:32:27,WARNING,Disk space running low.
2025-03-15 19:16:08,INFO,User logged in successfully.
2025-03-15 19:54:14,INFO,Connection established.
2025-03-15 23:49:53,INFO,Connection established.
2025-03-16 00:05:52,ERROR,Unhandled exception occurred.
2025-03-16 01:39:04,CRITICAL,Data corruption found.
2025-03-16 01:59:00,WARNING,Memory usage is above threshold.
2025-03-16 02:05:50,CRITICAL,Kernel panic occurred.
2025-03-16 02:13:41,DEBUG,Entering function handle_request().
2025-03-16 04:24:34,ERROR,Failed to connect to database.
2025-03-16 05:22:54,ERROR,Unhandled exception occurred.
2025-03-16 05:26:56,INFO,System boot completed.
2025-03-16 06:12:06,DEBUG,Variable x initialized.
2025-03-16 06:12:43,INFO,Connection established.
2025-03-16 07:29:21,DEBUG,Variable x initialized.
2025-03-16 07:42:53,INFO,User logged in successfully.
2025-03-16 07:44:25,ERROR,File not found.
2025-03-16 08:56:28,WARNING,API rate limit approaching.
2025-03-16 09:17:41,ERROR,File not found.
2025-03-16 10:01:24,WARNING,Configuration file missing optional parameters.
2025-03-16 11:52:40,DEBUG,Variable x initialized.
2025-03-16 13:26:53,ERROR,Failed to connect to database.
2025-03-16 13:51:31,WARNING,Configuration file missing optional parameters.
2025-03-16 14:49:09,INFO,Scheduled job executed.
2025-03-16 14:56:01,DEBUG,Variable x initialized.
2025-03-16 14:56:57,WARNING,Disk space running low.
2025-03-16 15:32:38,CRITICAL,Data corruption found.
2025-03-16 15:59:01,INFO,Connection established.
2025-03-16 16:32:21,ERROR,File not found.
2025-03-16 16:46:35,INFO,Scheduled job executed.
2025-03-16 18:24:01,CRITICAL,System crash imminent.
2025-03-16 19:02:32,DEBUG,Variable x initialized.
2025-03-16 19:03:05,CRITICAL,Security breach detected.
2025-03-16 19:04:47,ERROR,Unhandled exception occurred.
2025-03-16 19:49:39,DEBUG,Debug mode is ON.
2025-03-16 20:15:06,INFO,System boot completed.
2025-03-16 20:16:14,ERROR,Permission denied while accessing resource.
2025-03-16 21:11:47,INFO,User logged in successfully.
2025-03-16 21:23:29,CRITICAL,Security breach detected.
2025-03-16 21:48:25,INFO,Scheduled job executed.
2025-03-16 22:28:48,CRITICAL,Security breach detected.
2025-03-16 23:20:05,ERROR,Unhandled exception occurred.
2025-03-16 23:46:15,DEBUG,Variable x initialized.
2025-03-16 23:48:25,ERROR,Failed to connect to database.
2025-03-17 00:11:13,ERROR,Permission denied while accessing resource.
2025-03-17 00:23:36,CRITICAL,System crash imminent.
2025-03-17 01:03:14,WARNING,API rate limit approaching.
2025-03-17 02:19:10,CRITICAL,Kernel panic occurred.
2025-03-17 02:51:44,CRITICAL,Data corruption found.
2025-03-17 02:56:14,WARNING,Configuration file missing optional parameters.
2025-03-17 02:58:16,DEBUG,Variable x initialized.
2025-03-17 03:36:45,INFO,System boot completed.
2025-03-17 04:00:54,WARNING,Memory usage is above threshold.
2025-03-17 05:38:28,DEBUG,Debug mode is ON.
2025-03-17 07:49:33,DEBUG,Entering function handle_request().
2025-03-17 08:14:51,CRITICAL,Kernel panic occurred.
2025-03-17 08:31:32,ERROR,Unhandled exception occurred.
2025-03-17 11:31:11,CRITICAL,Security breach detected.
2025-03-17 12:25:21,CRITICAL,Kernel panic occurred.
2025-03-17 12:45:56,DEBUG,Variable x initialized.
2025-03-17 13:14:01,DEBUG,Variable x initialized.
2025-03-17 13:25:47,DEBUG,Step-by-step trace enabled.
2025-03-17 14:42:04,CRITICAL,Kernel panic occurred.
2025-03-17 16:19:06,WARNING,Configuration file missing optional parameters.
2025-03-17 18:20:28,ERROR,Permission denied while accessing resource.
2025-03-17 18:33:52,CRITICAL,System crash imminent.
2025-03-17 18:54:01,CRITICAL,Security breach detected.
2025-03-17 19:03:33,INFO,User logged in successfully.
2025-03-17 19:13:22,INFO,Connection established.
2025-03-17 21:08:16,DEBUG,Debug mode is ON.
2025-03-17 21:13:00,WARNING,Memory usage is above threshold.
2025-03-17 21:15:48,ERROR,Permission denied while accessing resource.
2025-03-17 21:44:54,WARNING,Configuration file missing optional parameters.
2025-03-17 22:11:31,WARNING,Configuration file missing optional parameters.
2025-03-17 22:19:42,WARNING,Disk space running low.
2025-03-17 23:47:14,WARNING,Disk space running low.
2025-03-18 00:44:40,DEBUG,Step-by-step trace enabled.
2025-03-18 01:04:33,ERROR,File not found.
2025-03-18 01:40:38,WARNING,API rate limit approaching.
2025-03-18 01:51:15,CRITICAL,Kernel panic occurred.
2025-03-18 02:04:17,INFO,Scheduled job executed.
2025-03-18 02:19:21,WARNING,Configuration file missing optional parameters.
2025-03-18 02:29:29,DEBUG,Debug mode is ON.
2025-03-18 03:37:02,CRITICAL,Security breach detected.
2025-03-18 03:42:13,INFO,System boot completed.
2025-03-18 03:45:08,INFO,User logged in successfully.
2025-03-18 04:06:33,DEBUG,Entering function handle_request().
2025-03-18 04:35:03,ERROR,Unhandled exception occurred.
2025-03-18 05:34:09,CRITICAL,System crash imminent.
2025-03-18 05:40:12,WARNING,API rate limit approaching.
2025-03-18 05:48:22,DEBUG,Variable x initialized.
2025-03-18 06:06:10,WARNING,API rate limit approaching.
2025-03-18 06:11:26,WARNING,Configuration file missing optional parameters.
2025-03-18 06:40:21,WARNING,API rate limit approaching.
2025-03-18 06:43:56,ERROR,Permission denied while accessing resource.
2025-03-18 07:17:40,ERROR,Failed to connect to database.
2025-03-18 08:18:49,WARNING,Configuration file missing optional parameters.
2025-03-18 08:45:08,DEBUG,Variable x initialized.
2025-03-18 08:57:26,ERROR,Permission denied while accessing resource.
2025-03-18 09:04:52,DEBUG,Variable x initialized.
2025-03-18 09:16:28,WARNING,Configuration file missing optional parameters.
2025-03-18 10:01:08,CRITICAL,Data corruption found.
2025-03-18 11:42:57,INFO,System boot completed.
2025-03-18 11:43:20,INFO,Connection established.
2025-03-18 12:07:54,DEBUG,Entering function handle_request().
2025-03-18 12:29:07,INFO,User logged in successfully.
2025-03-18 12:51:41,DEBUG,Step-by-step trace enabled.
2025-03-18 13:01:10,DEBUG,Debug mode is ON.
2025-03-18 13:22:10,CRITICAL,System crash imminent.
2025-03-18 13:44:20,INFO,Connection established.
2025-03-18 16:38:08,ERROR,File not found.
2025-03-18 18:59:51,DEBUG,Step-by-step trace enabled.
2025-03-18 20:22:01,ERROR,Failed to connect to database.
2025-03-18 20:55:44,WARNING,Disk space running low.
2025-03-18 21:45:52,CRITICAL,Security breach detected.
2025-03-18 23:38:20,WARNING,Configuration file missing optional parameters.
2025-03-19 01:35:06,DEBUG,Debug mode is ON.
2025-03-19 01:36:48,DEBUG,Variable x initialized.
2025-03-19 01:54:24,INFO,Connection established.
2025-03-19 03:06:08,WARNING,Disk space running low.
2025-03-19 03:57:15,INFO,Connection established.
2025-03-19 04:58:54,DEBUG,Step-by-step trace enabled.
2025-03-19 05:02:23,WARNING,Memory usage is above threshold.
2025-03-19 06:05:15,INFO,User logged in successfully.
2025-03-19 06:10:46,INFO,Connection established.
2025-03-19 06:59:29,ERROR,File not found.
2025-03-19 08:32:41,ERROR,Failed to connect to database.
2025-03-19 08:59:48,ERROR,Failed to connect to database.
2025-03-19 09:50:49,WARNING,Memory usage is above threshold.
2025-03-19 10:41:19,INFO,User logged in successfully.
2025-03-19 10:53:18,CRITICAL,System crash imminent.
2025-03-19 11:00:59,ERROR,Permission denied while accessing resource.
2025-03-19 12:41:43,WARNING,Configuration file missing optional parameters.
2025-03-19 13:27:19,CRITICAL,Data corruption found.
2025-03-19 14:04:18,DEBUG,Entering function handle_request().
2025-03-19 14:37:17,INFO,Connection established.
2025-03-19 15:00:50,WARNING,Configuration file missing optional parameters.
2025-03-19 15:11:00,DEBUG,Variable x initialized.
2025-03-19 15:53:34,CRITICAL,Data corruption found.
2025-03-19 17:07:01,DEBUG,Variable x initialized.
2025-03-19 17:48:02,INFO,Scheduled job executed.
2025-03-19 17:55:27,ERROR,File not found.
2025-03-19 18:26:48,WARNING,Configuration file missing optional parameters.
2025-03-19 18:32:55,DEBUG,Debug mode is ON.
2025-03-19 18:50:20,INFO,Scheduled job executed.
2025-03-19 20:08:57,DEBUG,Step-by-step trace enabled.
2025-03-19 22:14:23,WARNING,API rate limit approaching.
2025-03-19 22:39:35,ERROR,Permission denied while accessing resource.
2025-03-19 23:32:24,WARNING,Memory usage is above threshold.
2025-03-19 23:54:06,ERROR,Permission denied while accessing resource.
2025-03-20 00:21:46,INFO,User logged in successfully.
2025-03-20 01:00:20,DEBUG,Entering function handle_request().
2025-03-20 01:16:11,INFO,System boot completed.
2025-03-20 01:56:39,DEBUG,Entering function handle_request().
2025-03-20 02:58:50,INFO,Scheduled job executed.
2025-03-20 03:11:47,CRITICAL,Kernel panic occurred.
2025-03-20 04:22:49,CRITICAL,Data corruption found.
2025-03-20 06:02:49,WARNING,Configuration file missing optional parameters.
2025-03-20 06:36:08,DEBUG,Debug mode is ON.
2025-03-20 07:27:19,WARNING,API rate limit approaching.
2025-03-20 08:20:22,CRITICAL,System crash imminent.
2025-03-20 08:50:55,WARNING,Disk space running low.
2025-03-20 09:49:31,WARNING,API rate limit approaching.
2025-03-20 10:47:54,DEBUG,Variable x initialized.
2025-03-20 12:03:56,INFO,Connection established.
2025-03-20 14:40:25,ERROR,File not found.
2025-03-20 15:28:27,ERROR,Permission denied while accessing resource.
2025-03-20 15:48:25,ERROR,Unhandled exception occurred.
2025-03-20 15:50:51,INFO,System boot completed.
2025-03-20 18:04:07,CRITICAL,System crash imminent.
2025-03-20 18:44:40,CRITICAL,Data corruption found.
2025-03-20 18:48:59,CRITICAL,Kernel panic occurred.
2025-03-20 19:15:26,WARNING,Configuration file missing optional parameters.
2025-03-20 19:55:27,CRITICAL,System crash imminent.
2025-03-20 20:19:12,CRITICAL,System crash imminent.
2025-03-20 23:11:29,ERROR,Unhandled exception occurred.
2025-03-21 03:29:29,ERROR,Failed to connect to database.
2025-03-21 05:42:47,WARNING,Memory usage is above threshold.
2025-03-21 05:54:43,CRITICAL,System crash imminent.
2025-03-21 06:13:01,INFO,User logged in successfully.
2025-03-21 06:43:17,WARNING,Memory usage is above threshold.
2025-03-21 07:01:37,CRITICAL,Kernel panic occurred.
2025-03-21 07:12:47,DEBUG,Debug mode is ON.
2025-03-21 08:22:16,DEBUG,Debug mode is ON.
2025-03-21 08:53:08,CRITICAL,Security breach detected.
2025-03-21 09:10:12,CRITICAL,Kernel panic occurred.
2025-03-21 09:23:47,DEBUG,Debug mode is ON.
2025-03-21 09:38:13,DEBUG,Step-by-step trace enabled.
2025-03-21 09:42:25,INFO,System boot completed.
2025-03-21 10:14:16,DEBUG,Step-by-step trace enabled.
2025-03-21 12:39:51,WARNING,Disk space running low.
2025-03-21 13:09:13,INFO,Scheduled job executed.
2025-03-21 13:17:40,CRITICAL,Security breach detected.
2025-03-21 13:35:23,ERROR,Failed to connect to database.
2025-03-21 16:10:34,INFO,System boot completed.
2025-03-21 17:07:41,WARNING,Disk space running low.
2025-03-21 17:49:04,WARNING,Memory usage is above threshold.
2025-03-21 18:02:57,WARNING,Configuration file missing optional parameters.
2025-03-21 18:43:21,CRITICAL,System crash imminent.
2025-03-21 19:00:57,CRITICAL,Security breach detected.
2025-03-21 19:10:11,WARNING,Memory usage is above threshold.
2025-03-21 20:24:36,INFO,System boot completed.
2025-03-21 20:50:22,INFO,System boot completed.
2025-03-21 21:15:37,WARNING,Disk space running low.
2025-03-21 23:52:43,CRITICAL,Data corruption found.
2025-03-22 01:42:57,ERROR,Unhandled exception occurred.
2025-03-22 02:41:17,DEBUG,Variable x initialized.
2025-03-22 02:45:04,INFO,Connection established.
2025-03-22 03:19:04,CRITICAL,Data corruption found.
2025-03-22 04:02:04,WARNING,Configuration file missing optional parameters.
2025-03-22 04:30:57,DEBUG,Debug mode is ON.
2025-03-22 04:39:23,INFO,Scheduled job executed.
2025-03-22 07:00:50,ERROR,Failed to connect to database.
2025-03-22 08:42:03,WARNING,API rate limit approaching.
2025-03-22 09:32:31,CRITICAL,System crash imminent.
2025-03-22 10:05:30,ERROR,Unhandled exception occurred.
2025-03-22 11:15:22,DEBUG,Debug mode is ON.
2025-03-22 11:36:36,CRITICAL,Security breach detected.
2025-03-22 11:47:23,ERROR,Unhandled exception occurred.
2025-03-22 11:52:33,DEBUG,Step-by-step trace enabled.
2025-03-22 12:33:38,WARNING,Disk space running low.
2025-03-22 12:53:31,WARNING,Configuration file missing optional parameters.
2025-03-22 13:19:04,DEBUG,Debug mode is ON.
2025-03-22 14:06:58,WARNING,Disk space running low.
2025-03-22 14:45:47,ERROR,File not found.
2025-03-22 15:09:40,CRITICAL,Data corruption found.
2025-03-22 16:05:43,ERROR,Unhandled exception occurred.
2025-03-22 16:30:54,WARNING,Configuration file missing optional parameters.
2025-03-22 16:44:54,DEBUG,Entering function handle_request().
2025-03-22 19:51:07,INFO,Connection established.
2025-03-22 20:41:39,WARNING,Disk space running low.
2025-03-22 23:45:53,INFO,Scheduled job executed.
2025-03-23 01:12:45,CRITICAL,Security breach detected.
2025-03-23 01:30:33,INFO,Scheduled job executed.
2025-03-23 01:57:55,WARNING,Memory usage is above threshold.
2025-03-23 05:55:50,ERROR,Unhandled exception occurred.
2025-03-23 07:43:54,DEBUG,Entering function handle_request().
2025-03-23 07:53:49,ERROR,Unhandled exception occurred.
2025-03-23 09:21:30,ERROR,File not found.
2025-03-23 09:22:18,INFO,Connection established.
2025-03-23 09:50:28,DEBUG,Variable x initialized.
2025-03-23 09:54:05,ERROR,Unhandled exception occurred.
2025-03-23 11:08:47,WARNING,Disk space running low.
2025-03-23 11:42:13,WARNING,Configuration file missing optional parameters.
2025-03-23 11:45:22,WARNING,Disk space running low.
2025-03-23 11:56:56,ERROR,Permission denied while accessing resource.
2025-03-23 12:12:03,CRITICAL,Data corruption found.
2025-03-23 13:06:24,INFO,Scheduled job executed.
2025-03-23 13:19:09,DEBUG,Entering function handle_request().
2025-03-23 14:14:40,CRITICAL,System crash imminent.
2025-03-23 14:18:15,INFO,User logged in successfully.
2025-03-23 14:49:24,INFO,Connection established.
2025-03-23 14:51:58,CRITICAL,System crash imminent.
2025-03-23 15:44:09,DEBUG,Variable x initialized.
2025-03-23 17:37:20,DEBUG,Entering function handle_request().
2025-03-23 17:41:01,ERROR,Failed to connect to database.
2025-03-23 18:36:50,DEBUG,Debug mode is ON.
2025-03-23 18:58:21,INFO,User logged in successfully.
2025-03-23 19:19:32,INFO,User logged in successfully.
2025-03-23 19:21:27,DEBUG,Entering function handle_request().
2025-03-23 19:24:13,INFO,Scheduled job executed.
2025-03-23 20:24:23,WARNING,API rate limit approaching.
2025-03-23 21:12:26,WARNING,Memory usage is above threshold.
2025-03-23 22:06:53,INFO,User logged in successfully.
2025-03-23 22:26:23,INFO,User logged in successfully.
2025-03-23 23:11:28,INFO,Scheduled job executed.
2025-03-23 23:28:35,ERROR,File not found.
2025-03-23 23:32:32,WARNING,Memory usage is above threshold.
2025-03-23 23:52:59,WARNING,API rate limit approaching.
2025-03-24 00:14:46,ERROR,Unhandled exception occurred.
2025-03-24 01:10:07,ERROR,File not found.
2025-03-24 01:34:08,WARNING,Configuration file missing optional parameters.
2025-03-24 01:45:51,DEBUG,Step-by-step trace enabled.
2025-03-24 02:09:32,ERROR,Permission denied while accessing resource.
2025-03-24 02:52:36,WARNING,API rate limit approaching.
2025-03-24 03:20:03,DEBUG,Step-by-step trace enabled.
2025-03-24 03:24:21,CRITICAL,Data corruption found.
2025-03-24 03:37:59,WARNING,API rate limit approaching.
2025-03-24 04:13:18,DEBUG,Variable x initialized.
2025-03-24 05:36:34,WARNING,API rate limit approaching.
2025-03-24 05:54:10,ERROR,Failed to connect to database.
2025-03-24 06:20:02,WARNING,Disk space running low.
2025-03-24 08:53:39,ERROR,Failed to connect to database.
2025-03-24 09:30:55,INFO,Connection established.
2025-03-24 09:51:59,WARNING,Configuration file missing optional parameters.
2025-03-24 10:53:19,WARNING,Configuration file missing optional parameters.
2025-03-24 12:29:43,DEBUG,Entering function handle_request().
2025-03-24 12:49:11,INFO,Scheduled job executed.
2025-03-24 13:10:19,DEBUG,Entering function handle_request().
2025-03-24 14:18:31,ERROR,File not found.
2025-03-24 14:56:58,WARNING,Memory usage is above threshold.
2025-03-24 15:08:07,INFO,Scheduled job executed.
2025-03-24 16:11:57,ERROR,File not found.
2025-03-24 19:19:01,DEBUG,Entering function handle_request().
2025-03-24 20:10:31,WARNING,Memory usage is above threshold.
2025-03-24 20:18:19,CRITICAL,System crash imminent.
2025-03-24 20:22:18,DEBUG,Debug mode is ON.
2025-03-24 20:34:13,WARNING,Disk space running low.
2025-03-24 20:44:31,INFO,User logged in successfully.
2025-03-24 23:42:55,INFO,System boot completed.
2025-03-24 23:44:46,DEBUG,Variable x initialized.
2025-03-25 01:19:34,ERROR,Failed to connect to database.
2025-03-25 01:29:57,CRITICAL,Security breach detected.
2025-03-25 01:30:46,DEBUG,Debug mode is ON.
2025-03-25 01:51:27,INFO,Scheduled job executed.
2025-03-25 02:24:15,ERROR,Permission denied while accessing resource.
2025-03-25 02:39:13,WARNING,API rate limit approaching.
2025-03-25 03:20:35,CRITICAL,Kernel panic occurred.
2025-03-25 05:29:23,WARNING,Memory usage is above threshold.
2025-03-25 06:09:23,WARNING,Memory usage is above threshold.
2025-03-25 06:18:42,WARNING,Configuration file missing optional parameters.
2025-03-25 07:05:33,DEBUG,Entering function handle_request().
2025-03-25 07:27:12,ERROR,Unhandled exception occurred.
2025-03-25 08:35:11,CRITICAL,Security breach detected.
2025-03-25 09:11:50,CRITICAL,Kernel panic occurred.
2025-03-25 10:09:09,INFO,Connection established.
2025-03-25 11:24:39,WARNING,Disk space running low.
2025-03-25 11:44:57,ERROR,Failed to connect to database.
2025-03-25 11:51:31,DEBUG,Variable x initialized.
2025-03-25 11:54:49,WARNING,API rate limit approaching.
2025-03-25 12:09:09,WARNING,Disk space running low.
2025-03-25 12:33:24,CRITICAL,Security breach detected.
2025-03-25 12:35:18,WARNING,Memory usage is above threshold.
2025-03-25 12:39:44,INFO,System boot completed.
2025-03-25 12:58:02,DEBUG,Entering function handle_request().
2025-03-25 14:28:06,ERROR,Unhandled exception occurred.
2025-03-25 14:38:58,DEBUG,Variable x initialized.
2025-03-25 14:43:27,WARNING,Memory usage is above threshold.
2025-03-25 15:08:01,DEBUG,Variable x initialized.
2025-03-25 16:25:50,CRITICAL,Kernel panic occurred.
2025-03-25 17:04:40,WARNING,Disk space running low.
2025-03-25 17:08:10,INFO,Connection established.
2025-03-25 17:12:41,INFO,Scheduled job executed.
2025-03-25 17:36:38,CRITICAL,Security breach detected.
2025-03-25 17:41:27,WARNING,Configuration file missing optional parameters.
2025-03-25 18:07:57,DEBUG,Step-by-step trace enabled.
2025-03-25 22:37:33,WARNING,Disk space running low.
2025-03-25 23:12:47,ERROR,Failed to connect to database.
2025-03-25 23:37:25,DEBUG,Debug mode is ON.
2025-03-26 00:11:51,DEBUG,Variable x initialized.
2025-03-26 00:20:22,DEBUG,Entering function handle_request().
2025-03-26 01:41:03,CRITICAL,System crash imminent.
2025-03-26 01:54:39,ERROR,Permission denied while accessing resource.
2025-03-26 02:25:32,DEBUG,Variable x initialized.
2025-03-26 02:55:13,WARNING,Memory usage is above threshold.
2025-03-26 02:59:46,INFO,System boot completed.
2025-03-26 03:10:55,WARNING,Memory usage is above threshold.
2025-03-26 03:56:35,WARNING,Memory usage is above threshold.
2025-03-26 04:49:43,DEBUG,Debug mode is ON.
2025-03-26 05:05:05,CRITICAL,Security breach detected.
2025-03-26 05:39:45,CRITICAL,Kernel panic occurred.
2025-03-26 07:05:09,CRITICAL,Security breach detected.
2025-03-26 12:06:09,ERROR,Permission denied while accessing resource.
2025-03-26 14:19:23,CRITICAL,Kernel panic occurred.
2025-03-26 15:00:32,DEBUG,Debug mode is ON.
2025-03-26 15:24:15,INFO,System boot completed.
2025-03-26 16:29:06,DEBUG,Debug mode is ON.
2025-03-26 16:46:12,WARNING,API rate limit approaching.
2025-03-26 16:47:12,ERROR,Permission denied while accessing resource.
2025-03-26 18:00:38,DEBUG,Debug mode is ON.
2025-03-26 20:39:47,INFO,User logged in successfully.
2025-03-26 20:58:33,INFO,Scheduled job executed.
2025-03-26 21:57:13,WARNING,API rate limit approaching.
2025-03-26 23:31:53,CRITICAL,Kernel panic occurred.
2025-03-27 00:21:03,WARNING,Disk space running low.
2025-03-27 00:24:09,ERROR,File not found.
2025-03-27 00:49:57,DEBUG,Step-by-step trace enabled.
2025-03-27 01:10:25,WARNING,Configuration file missing optional parameters.
2025-03-27 02:34:06,ERROR,Permission denied while accessing resource.
2025-03-27 02:54:49,ERROR,Unhandled exception occurred.
2025-03-27 03:30:50,ERROR,File not found.
2025-03-27 03:56:50,WARNING,Memory usage is above threshold.
2025-03-27 05:00:44,ERROR,File not found.
2025-03-27 05:52:11,DEBUG,Entering function handle_request().
2025-03-27 06:52:56,ERROR,Permission denied while accessing resource.
2025-03-27 06:55:11,INFO,Connection established.
2025-03-27 06:56:17,INFO,Connection established.
2025-03-27 07:17:40,WARNING,Disk space running low.
2025-03-27 07:28:42,CRITICAL,Data corruption found.
2025-03-27 08:24:53,WARNING,Memory usage is above threshold.
2025-03-27 08:38:26,WARNING,Configuration file missing optional parameters.
2025-03-27 09:29:28,WARNING,Memory usage is above threshold.
2025-03-27 10:22:10,WARNING,Configuration file missing optional parameters.
2025-03-27 10:48:19,INFO,Scheduled job executed.
2025-03-27 11:01:48,ERROR,Permission denied while accessing resource.
2025-03-27 11:09:43,INFO,User logged in successfully.
2025-03-27 11:26:55,ERROR,Failed to connect to database.
2025-03-27 11:35:03,DEBUG,Debug mode is ON.
2025-03-27 11:41:56,INFO,System boot completed.
2025-03-27 12:55:11,ERROR,Permission denied while accessing resource.
2025-03-27 14:34:17,ERROR,Failed to connect to database.
2025-03-27 14:59:32,DEBUG,Debug mode is ON.
2025-03-27 16:51:21,CRITICAL,Kernel panic occurred.
2025-03-27 17:53:24,INFO,Connection established.
2025-03-27 18:43:23,DEBUG,Debug mode is ON.
2025-03-27 18:45:45,ERROR,Unhandled exception occurred.
2025-03-27 19:14:41,INFO,Scheduled job executed.
2025-03-27 19:22:47,INFO,Scheduled job executed.
2025-03-27 19:31:28,WARNING,API rate limit approaching.
2025-03-27 20:32:30,ERROR,Failed to connect to database.
2025-03-27 20:47:44,ERROR,File not found.
2025-03-27 20:56:44,DEBUG,Entering function handle_request().
2025-03-27 21:43:50,CRITICAL,Kernel panic occurred.
2025-03-27 21:43:52,DEBUG,Debug mode is ON.
2025-03-28 00:05:59,DEBUG,Debug mode is ON.
2025-03-28 00:32:14,WARNING,Memory usage is above threshold.
2025-03-28 01:41:23,INFO,Scheduled job executed.
2025-03-28 02:01:42,INFO,User logged in successfully.
2025-03-28 02:15:32,CRITICAL,System crash imminent.
2025-03-28 02:20:37,DEBUG,Entering function handle_request().
2025-03-28 02:49:51,CRITICAL,Data corruption found.
2025-03-28 03:30:02,DEBUG,Variable x initialized.
2025-03-28 04:42:26,DEBUG,Step-by-step trace enabled.
2025-03-28 05:26:29,CRITICAL,Security breach detected.
2025-03-28 07:27:31,DEBUG,Debug mode is ON.
2025-03-28 07:50:53,DEBUG,Variable x initialized.
2025-03-28 08:11:52,DEBUG,Entering function handle_request().
2025-03-28 08:40:54,CRITICAL,Data corruption found.
2025-03-28 11:07:32,ERROR,Permission denied while accessing resource.
2025-03-28 14:07:10,INFO,System boot completed.
2025-03-28 14:44:34,INFO,System boot completed.
2025-03-28 15:02:44,WARNING,API rate limit approaching.
2025-03-28 16:20:46,WARNING,Disk space running low.
2025-03-28 16:25:17,ERROR,Unhandled exception occurred.
2025-03-28 17:34:46,CRITICAL,System crash imminent.
2025-03-28 17:49:14,DEBUG,Step-by-step trace enabled.
2025-03-28 18:29:41,WARNING,API rate limit approaching.
2025-03-28 19:12:10,INFO,Scheduled job executed.
2025-03-28 19:14:24,WARNING,Memory usage is above threshold.
2025-03-28 20:16:59,CRITICAL,Kernel panic occurred.
2025-03-28 20:48:53,ERROR,Unhandled exception occurred.
2025-03-28 20:59:32,WARNING,API rate limit approaching.
2025-03-28 21:04:23,CRITICAL,Security breach detected.
2025-03-28 22:38:54,WARNING,Configuration file missing optional parameters.
2025-03-29 01:53:24,ERROR,Permission denied while accessing resource.
2025-03-29 02:00:58,CRITICAL,System crash imminent.
2025-03-29 02:48:31,ERROR,Failed to connect to database.
2025-03-29 03:04:13,INFO,User logged in successfully.
2025-03-29 03:20:25,ERROR,Permission denied while accessing resource.
2025-03-29 05:20:58,DEBUG,Entering function handle_request().
2025-03-29 07:24:34,CRITICAL,Data corruption found.
2025-03-29 10:45:41,CRITICAL,Data corruption found.
2025-03-29 12:00:41,WARNING,Disk space running low.
2025-03-29 14:05:13,ERROR,Failed to connect to database.
2025-03-29 14:05:29,DEBUG,Debug mode is ON.
2025-03-29 14:41:05,DEBUG,Variable x initialized.
2025-03-29 15:06:31,ERROR,Permission denied while accessing resource.
2025-03-29 15:09:09,DEBUG,Step-by-step trace enabled.
2025-03-29 15:31:04,DEBUG,Debug mode is ON.
2025-03-29 16:28:44,DEBUG,Entering function handle_request().
2025-03-29 16:48:01,INFO,System boot completed.
2025-03-29 16:50:12,DEBUG,Entering function handle_request().
2025-03-29 19:09:28,DEBUG,Entering function handle_request().
2025-03-29 20:21:17,ERROR,Failed to connect to database.
2025-03-29 20:29:07,WARNING,Disk space running low.
2025-03-29 23:30:53,DEBUG,Variable x initialized.
2025-03-29 23:53:34,DEBUG,Entering function handle_request().
2025-03-30 00:14:07,INFO,Connection established.
2025-03-30 01:42:43,DEBUG,Entering function handle_request().
2025-03-30 02:50:13,DEBUG,Entering function handle_request().
2025-03-30 03:54:41,ERROR,Unhandled exception occurred.
2025-03-30 04:30:11,INFO,System boot completed.
2025-03-30 05:09:26,CRITICAL,Security breach detected.
2025-03-30 05:26:59,INFO,System boot completed.
2025-03-30 05:59:39,INFO,System boot completed.
2025-03-30 06:05:31,INFO,Scheduled job executed.
2025-03-30 07:25:35,ERROR,Failed to connect to database.
2025-03-30 09:05:51,CRITICAL,Kernel panic occurred.
2025-03-30 09:11:51,ERROR,Permission denied while accessing resource.
2025-03-30 09:20:50,ERROR,Failed to connect to database.
2025-03-30 09:40:41,ERROR,File not found.
2025-03-30 11:18:42,CRITICAL,Security breach detected.
2025-03-30 11:32:33,INFO,User logged in successfully.
2025-03-30 11:48:18,WARNING,Disk space running low.
2025-03-30 11:55:22,WARNING,API rate limit approaching.
2025-03-30 12:39:03,DEBUG,Debug mode is ON.
2025-03-30 13:02:42,ERROR,Permission denied while accessing resource.
2025-03-30 15:08:35,INFO,Scheduled job executed.
2025-03-30 15:16:46,CRITICAL,System crash imminent.
2025-03-30 15:20:03,INFO,Connection established.
2025-03-30 15:52:31,ERROR,Permission denied while accessing resource.
2025-03-30 16:01:05,INFO,Connection established.
2025-03-30 17:35:26,CRITICAL,Security breach detected.
2025-03-30 18:27:55,ERROR,Permission denied while accessing resource.
2025-03-30 18:34:25,CRITICAL,Security breach detected.
2025-03-30 18:45:01,CRITICAL,Kernel panic occurred.
2025-03-30 19:02:13,CRITICAL,System crash imminent.
2025-03-30 19:03:38,DEBUG,Entering function handle_request().
2025-03-30 19:05:34,WARNING,Disk space running low.
2025-03-30 19:38:33,DEBUG,Entering function handle_request().
2025-03-30 20:26:31,DEBUG,Entering function handle_request().
2025-03-30 21:49:10,WARNING,Disk space running low.
2025-03-30 21:52:07,CRITICAL,Data corruption found.
2025-03-30 22:50:15,WARNING,Memory usage is above threshold.
2025-03-30 23:10:33,ERROR,Failed to connect to database.
2025-03-30 23:27:20,DEBUG,Entering function handle_request().
2025-03-30 23:36:30,ERROR,Unhandled exception occurred.
2025-03-31 00:32:38,DEBUG,Variable x initialized.
2025-03-31 01:07:59,CRITICAL,Data corruption found.
2025-03-31 01:51:19,INFO,Connection established.
2025-03-31 02:07:44,INFO,Connection established.
2025-03-31 02:09:29,INFO,Scheduled job executed.
2025-03-31 04:14:53,CRITICAL,Kernel panic occurred.
2025-03-31 04:47:01,ERROR,Permission denied while accessing resource.
2025-03-31 05:13:19,CRITICAL,Data corruption found.
2025-03-31 05:17:41,INFO,System boot completed.
2025-03-31 07:55:06,CRITICAL,Security breach detected.
2025-03-31 08:15:12,INFO,User logged in successfully.
2025-03-31 08:19:27,DEBUG,Step-by-step trace enabled.
2025-03-31 08:52:56,WARNING,Memory usage is above threshold.
2025-03-31 09:47:38,CRITICAL,Data corruption found.
2025-03-31 10:01:23,DEBUG,Step-by-step trace enabled.
2025-03-31 10:03:18,CRITICAL,Kernel panic occurred.
2025-03-31 11:48:06,DEBUG,Variable x initialized.
2025-03-31 11:54:10,ERROR,File not found.
2025-03-31 14:04:17,WARNING,Configuration file missing optional parameters.
2025-03-31 15:30:49,INFO,System boot completed.
2025-03-31 16:22:55,INFO,System boot completed.
2025-03-31 16:39:48,CRITICAL,Data corruption found.
2025-03-31 16:41:50,INFO,System boot completed.
2025-03-31 16:59:03,ERROR,Failed to connect to database.
2025-03-31 17:00:03,WARNING,API rate limit approaching.
2025-03-31 18:43:42,ERROR,Permission denied while accessing resource.
2025-03-31 19:38:30,CRITICAL,Data corruption found.
2025-03-31 21:48:18,DEBUG,Debug mode is ON.
2025-03-31 22:08:16,WARNING,Disk space running low.
2025-04-01 00:27:18,INFO,Connection established.
2025-04-01 00:46:07,ERROR,File not found.
2025-04-01 01:11:05,WARNING,Memory usage is above threshold.
2025-04-01 01:27:06,ERROR,Unhandled exception occurred.
2025-04-01 02:19:56,WARNING,Memory usage is above threshold.
2025-04-01 02:33:53,DEBUG,Debug mode is ON.
2025-04-01 02:36:38,ERROR,File not found.
2025-04-01 02:40:11,DEBUG,Entering function handle_request().
2025-04-01 03:00:28,INFO,System boot completed.
2025-04-01 03:22:12,ERROR,Failed to connect to database.
2025-04-01 03:39:15,WARNING,Memory usage is above threshold.
2025-04-01 04:41:55,WARNING,API rate limit approaching.
2025-04-01 04:49:22,DEBUG,Step-by-step trace enabled.
2025-04-01 04:58:40,CRITICAL,Security breach detected.
2025-04-01 05:00:14,CRITICAL,System crash imminent.
2025-04-01 05:19:21,INFO,Scheduled job executed.
2025-04-01 05:39:27,INFO,Scheduled job executed.
2025-04-01 07:44:38,INFO,Connection established.
2025-04-01 08:13:23,DEBUG,Variable x initialized.
2025-04-01 08:50:50,DEBUG,Variable x initialized.
2025-04-01 09:17:46,ERROR,File not found.
2025-04-01 12:02:32,INFO,User logged in successfully.
2025-04-01 12:48:36,INFO,Scheduled job executed.
2025-04-01 13:27:42,WARNING,Configuration file missing optional parameters.
2025-04-01 14:12:07,CRITICAL,Security breach detected.
2025-04-01 14:43:38,INFO,Connection established.
2025-04-01 16:01:23,INFO,Scheduled job executed.
2025-04-01 17:21:25,DEBUG,Step-by-step trace enabled.
2025-04-01 17:52:07,CRITICAL,Kernel panic occurred.
2025-04-01 17:54:23,INFO,Scheduled job executed.
2025-04-01 18:15:51,CRITICAL,System crash imminent.
2025-04-01 18:27:16,ERROR,Failed to connect to database.
2025-04-01 19:58:43,CRITICAL,Kernel panic occurred.
2025-04-01 21:05:40,DEBUG,Variable x initialized.
2025-04-01 21:31:21,WARNING,API rate limit approaching.
2025-04-01 22:03:18,ERROR,Permission denied while accessing resource.
2025-04-02 00:37:02,DEBUG,Entering function handle_request().
2025-04-02 02:08:41,WARNING,Memory usage is above threshold.
2025-04-02 02:31:19,ERROR,Permission denied while accessing resource.
2025-04-02 03:18:01,CRITICAL,Security breach detected.
2025-04-02 04:56:59,DEBUG,Debug mode is ON.
2025-04-02 04:57:19,WARNING,API rate limit approaching.
2025-04-02 07:08:35,CRITICAL,Security breach detected.
2025-04-02 07:36:45,CRITICAL,Kernel panic occurred.
2025-04-02 09:24:19,ERROR,File not found.
2025-04-02 11:12:25,WARNING,Memory usage is above threshold.
2025-04-02 11:28:12,DEBUG,Step-by-step trace enabled.
2025-04-02 11:44:28,WARNING,API rate limit approaching.
2025-04-02 11:48:17,ERROR,Unhandled exception occurred.
2025-04-02 12:15:55,INFO,Connection established.
2025-04-02 13:12:16,DEBUG,Entering function handle_request().
2025-04-02 13:16:28,ERROR,File not found.
2025-04-02 14:25:58,INFO,System boot completed.
2025-04-02 14:26:01,ERROR,Unhandled exception occurred.
2025-04-02 14:42:28,CRITICAL,Kernel panic occurred.
2025-04-02 15:11:14,WARNING,API rate limit approaching.
2025-04-02 15:13:43,INFO,Connection established.
2025-04-02 16:50:27,CRITICAL,Kernel panic occurred.
2025-04-02 18:38:42,ERROR,Unhandled exception occurred.
2025-04-02 20:14:52,INFO,Scheduled job executed.
2025-04-02 20:49:14,WARNING,Memory usage is above threshold.
2025-04-02 21:46:20,INFO,User logged in successfully.
2025-04-02 22:01:57,DEBUG,Variable x initialized.
2025-04-02 22:06:23,CRITICAL,Data corruption found.
2025-04-02 22:48:59,WARNING,API rate limit approaching.
2025-04-02 23:39:53,CRITICAL,Data corruption found.
2025-04-03 01:04:45,INFO,System boot completed.
2025-04-03 01:25:55,ERROR,Permission denied while accessing resource.
2025-04-03 01:33:16,CRITICAL,Security breach detected.
2025-04-03 01:55:38,DEBUG,Debug mode is ON.
2025-04-03 02:42:32,WARNING,Configuration file missing optional parameters.
2025-04-03 02:45:49,INFO,User logged in successfully.
2025-04-03 02:58:48,DEBUG,Step-by-step trace enabled.
2025-04-03 03:07:53,INFO,Scheduled job executed.
2025-04-03 06:10:34,INFO,Connection established.
2025-04-03 07:27:10,ERROR,Permission denied while accessing resource.
2025-04-03 07:42:47,DEBUG,Debug mode is ON.
2025-04-03 09:27:19,INFO,Scheduled job executed.
2025-04-03 09:50:18,INFO,User logged in successfully.
2025-04-03 09:51:26,DEBUG,Debug mode is ON.
2025-04-03 10:28:57,INFO,System boot completed.
2025-04-03 11:20:49,DEBUG,Step-by-step trace enabled.
2025-04-03 11:27:20,CRITICAL,Security breach detected.
2025-04-03 12:29:01,CRITICAL,Security breach detected.
2025-04-03 15:13:55,CRITICAL,Security breach detected.
2025-04-03 16:15:30,WARNING,API rate limit approaching.
2025-04-03 17:42:29,DEBUG,Debug mode is ON.
2025-04-03 18:37:28,DEBUG,Entering function handle_request().
2025-04-03 18:53:10,DEBUG,Entering function handle_request().
2025-04-03 19:23:52,ERROR,Failed to connect to database.
2025-04-03 21:55:10,INFO,Connection established.
2025-04-03 21:56:08,WARNING,Memory usage is above threshold.
2025-04-03 22:35:08,ERROR,Unhandled exception occurred.
2025-04-03 23:07:15,WARNING,API rate limit approaching.
2025-04-03 23:07:16,WARNING,Configuration file missing optional parameters.
2025-04-03 23:49:30,CRITICAL,Security breach detected.
2025-04-04 00:02:04,WARNING,Disk space running low.
2025-04-04 00:30:43,ERROR,File not found.
2025-04-04 01:44:55,DEBUG,Variable x initialized.
2025-04-04 01:47:24,INFO,User logged in successfully.
2025-04-04 02:07:33,WARNING,Memory usage is above threshold.
2025-04-04 02:14:54,CRITICAL,Data corruption found.
2025-04-04 02:16:44,CRITICAL,Kernel panic occurred.
2025-04-04 04:19:35,ERROR,Failed to connect to database.
2025-04-04 07:21:01,WARNING,Configuration file missing optional parameters.
2025-04-04 08:53:05,WARNING,Memory usage is above threshold.
2025-04-04 09:17:53,DEBUG,Step-by-step trace enabled.
2025-04-04 11:40:09,INFO,Connection established.
2025-04-04 12:20:03,ERROR,Permission denied while accessing resource.
2025-04-04 13:51:32,DEBUG,Variable x initialized.
2025-04-04 14:13:00,CRITICAL,Data corruption found.
2025-04-04 14:51:22,WARNING,API rate limit approaching.
2025-04-04 15:27:50,CRITICAL,Kernel panic occurred.
2025-04-04 16:14:02,DEBUG,Variable x initialized.
2025-04-04 16:29:18,CRITICAL,Security breach detected.
2025-04-04 17:07:09,CRITICAL,Security breach detected.
2025-04-04 18:08:28,ERROR,File not found.
2025-04-04 18:39:54,WARNING,Memory usage is above threshold.
2025-04-04 19:34:07,DEBUG,Variable x initialized.
2025-04-04 19:41:39,WARNING,Memory usage is above threshold.
2025-04-04 19:48:41,CRITICAL,System crash imminent.
2025-04-04 20:01:30,CRITICAL,Kernel panic occurred.
2025-04-04 20:09:13,WARNING,API rate limit approaching.
2025-04-04 20:20:47,WARNING,Configuration file missing optional parameters.
2025-04-04 20:42:52,ERROR,Failed to connect to database.
2025-04-04 22:50:22,INFO,Scheduled job executed.
2025-04-04 23:27:40,CRITICAL,Data corruption found.
2025-04-04 23:28:46,CRITICAL,System crash imminent.
2025-04-04 23:42:12,DEBUG,Entering function handle_request().
2025-04-04 23:59:06,ERROR,Permission denied while accessing resource.
2025-04-05 00:41:13,DEBUG,Step-by-step trace enabled.
2025-04-05 00:46:37,INFO,User logged in successfully.
2025-04-05 00:56:13,INFO,Connection established.
2025-04-05 02:04:05,INFO,User logged in successfully.
2025-04-05 02:35:11,WARNING,Disk space running low.
2025-04-05 02:42:12,ERROR,Failed to connect to database.
2025-04-05 03:18:30,ERROR,File not found.
2025-04-05 03:53:31,INFO,System boot completed.
2025-04-05 04:50:35,CRITICAL,Data corruption found.
2025-04-05 04:54:17,ERROR,Failed to connect to database.
2025-04-05 04:57:34,INFO,User logged in successfully.
2025-04-05 05:07:16,ERROR,Unhandled exception occurred.
2025-04-05 05:39:02,CRITICAL,System crash imminent.
2025-04-05 07:28:38,INFO,Scheduled job executed.
2025-04-05 08:51:31,ERROR,Unhandled exception occurred.
2025-04-05 09:24:35,WARNING,Memory usage is above threshold.
2025-04-05 10:26:07,CRITICAL,Kernel panic occurred.
2025-04-05 10:42:55,WARNING,Configuration file missing optional parameters.
2025-04-05 10:45:55,CRITICAL,Data corruption found.
2025-04-05 11:02:50,INFO,Connection established.
2025-04-05 11:33:44,DEBUG,Variable x initialized.
2025-04-05 12:46:13,WARNING,API rate limit approaching.
2025-04-05 12:49:02,WARNING,Memory usage is above threshold.
2025-04-05 13:51:28,DEBUG,Entering function handle_request().
2025-04-05 14:08:58,DEBUG,Debug mode is ON.
2025-04-05 16:45:12,INFO,System boot completed.
2025-04-05 17:20:48,INFO,User logged in successfully.
2025-04-05 17:35:43,DEBUG,Variable x initialized.
2025-04-05 17:45:48,ERROR,Permission denied while accessing resource.
2025-04-05 18:16:07,INFO,System boot completed.
2025-04-05 18:59:47,WARNING,Configuration file missing optional parameters.
2025-04-05 19:01:18,WARNING,Disk space running low.
2025-04-05 19:32:31,INFO,Scheduled job executed.
2025-04-05 19:48:35,DEBUG,Variable x initialized.
2025-04-05 20:37:31,INFO,User logged in successfully.
2025-04-05 20:41:09,INFO,System boot completed.
2025-04-05 20:51:35,ERROR,Unhandled exception occurred.
2025-04-05 22:10:17,INFO,Connection established.
2025-04-05 22:27:04,INFO,Connection established.
2025-04-05 22:40:04,ERROR,Unhandled exception occurred.
2025-04-05 22:46:44,CRITICAL,System crash imminent.
2025-04-05 23:42:24,WARNING,Configuration file missing optional parameters.
2025-04-06 00:26:54,CRITICAL,System crash imminent.
2025-04-06 00:27:21,INFO,Scheduled job executed.
2025-04-06 01:38:12,CRITICAL,Data corruption found.
2025-04-06 04:14:11,INFO,Scheduled job executed.
2025-04-06 05:27:42,DEBUG,Entering function handle_request().
2025-04-06 06:53:57,CRITICAL,Kernel panic occurred.
2025-04-06 07:49:17,WARNING,Memory usage is above threshold.
2025-04-06 08:14:37,DEBUG,Entering function handle_request().
2025-04-06 08:33:36,CRITICAL,System crash imminent.
2025-04-06 09:14:17,CRITICAL,Data corruption found.
2025-04-06 09:45:49,INFO,Connection established.
2025-04-06 11:40:06,ERROR,Failed to connect to database.
2025-04-06 11:46:09,DEBUG,Variable x initialized.
2025-04-06 12:03:07,WARNING,API rate limit approaching.
2025-04-06 12:31:46,DEBUG,Entering function handle_request().
2025-04-06 12:49:26,CRITICAL,System crash imminent.
2025-04-06 15:24:11,DEBUG,Debug mode is ON.
2025-04-06 16:09:29,WARNING,API rate limit approaching.
2025-04-06 16:58:01,CRITICAL,Kernel panic occurred.
2025-04-06 17:22:56,CRITICAL,Data corruption found.
2025-04-06 18:21:44,ERROR,File not found.
2025-04-06 19:19:35,ERROR,Permission denied while accessing resource.
2025-04-06 19:23:46,ERROR,Unhandled exception occurred.
2025-04-06 19:40:37,WARNING,Memory usage is above threshold.
2025-04-06 19:45:53,CRITICAL,Data corruption found.
2025-04-06 20:20:41,INFO,Connection established.
2025-04-06 20:39:22,CRITICAL,Data corruption found.
2025-04-06 21:55:03,ERROR,Permission denied while accessing resource.
2025-04-06 22:00:00,CRITICAL,System crash imminent.
2025-04-06 22:03:05,CRITICAL,System crash imminent.
2025-04-06 22:45:18,CRITICAL,Data corruption found.
2025-04-06 23:56:41,CRITICAL,Security breach detected.
2025-04-06 23:57:40,INFO,Connection established.
2025-04-07 00:05:29,CRITICAL,Data corruption found.
2025-04-07 01:18:11,CRITICAL,Security breach detected.
2025-04-07 02:11:05,WARNING,API rate limit approaching.
2025-04-07 02:40:06,ERROR,File not found.
2025-04-07 03:43:38,CRITICAL,Data corruption found.
2025-04-07 06:06:04,DEBUG,Entering function handle_request().
2025-04-07 06:37:17,ERROR,Failed to connect to database.
2025-04-07 07:18:19,WARNING,Disk space running low.
2025-04-07 08:12:05,DEBUG,Debug mode is ON.
2025-04-07 08:32:05,INFO,Connection established.
2025-04-07 08:44:07,INFO,Connection established.
2025-04-07 08:55:57,ERROR,Failed to connect to database.
2025-04-07 12:28:22,INFO,User logged in successfully.
2025-04-07 12:41:56,INFO,Connection established.
2025-04-07 12:51:46,INFO,System boot completed.
2025-04-07 12:57:47,CRITICAL,Security breach detected.
2025-04-07 13:14:01,CRITICAL,Security breach detected.
2025-04-07 13:15:57,ERROR,Failed to connect to database.
2025-04-07 14:00:55,INFO,User logged in successfully.
2025-04-07 15:26:38,INFO,Scheduled job executed.
2025-04-07 15:48:30,DEBUG,Step-by-step trace enabled.
2025-04-07 15:49:31,ERROR,File not found.
2025-04-07 16:55:14,ERROR,Permission denied while accessing resource.
2025-04-07 17:35:55,INFO,Connection established.
2025-04-07 17:52:01,INFO,Scheduled job executed.
2025-04-07 18:10:22,WARNING,Configuration file missing optional parameters.
2025-04-07 18:46:42,ERROR,Permission denied while accessing resource.
2025-04-07 18:51:03,CRITICAL,Kernel panic occurred.
2025-04-07 18:56:19,ERROR,Permission denied while accessing resource.
2025-04-07 21:18:10,CRITICAL,System crash imminent.
2025-04-07 21:44:42,INFO,Connection established.
2025-04-07 22:28:56,WARNING,Configuration file missing optional parameters.
2025-04-07 23:34:50,DEBUG,Entering function handle_request().
2025-04-08 00:03:58,ERROR,File not found.
2025-04-08 00:04:31,ERROR,Failed to connect to database.
2025-04-08 00:05:12,WARNING,API rate limit approaching.
2025-04-08 00:27:30,DEBUG,Step-by-step trace enabled.
2025-04-08 01:41:49,INFO,System boot completed.
2025-04-08 05:31:45,CRITICAL,Kernel panic occurred.
2025-04-08 05:36:25,INFO,Connection established.
2025-04-08 05:41:09,WARNING,API rate limit approaching.
2025-04-08 06:20:16,INFO,System boot completed.
2025-04-08 06:27:04,DEBUG,Step-by-step trace enabled.
2025-04-08 06:27:11,DEBUG,Step-by-step trace enabled.
2025-04-08 06:47:19,ERROR,Permission denied while accessing resource.
2025-04-08 07:16:18,ERROR,Failed to connect to database.
2025-04-08 07:49:44,ERROR,File not found.
2025-04-08 08:16:35,WARNING,Configuration file missing optional parameters.
2025-04-08 09:07:58,DEBUG,Debug mode is ON.
2025-04-08 09:35:53,WARNING,Configuration file missing optional parameters.
2025-04-08 10:16:28,WARNING,Configuration file missing optional parameters.
2025-04-08 11:00:06,WARNING,API rate limit approaching.
