username,timestamp,platform,post
@user3,2025-04-01 00:00:00,Instagram,@user17 What a day! #fun #sunset #AI #meme https://news.site/post ğŸ”¥
@user2,2025-04-01 01:00:00,LinkedIn,@user17 What a day! #news #fun #AI #update https://news.site/post ğŸ˜
@user15,2025-04-01 02:00:00,LinkedIn,@user17 Feeling great today! #cool #life http://example.com ğŸ˜±
@user11,2025-04-01 03:00:00,Twitter,@user10 Check this out! #sunset #news http://example.com ğŸ˜±
@user9,2025-04-01 04:00:00,Reddit,@user15 Loving the vibes here! #cool #travel #update https://imgur.com/meme ğŸ˜±
@user4,2025-04-01 05:00:00,Twitter,@user15 Can't believe this happened... #tech #news http://example.com ğŸ˜±
@user18,2025-04-01 06:00:00,Instagram,@user13 What a day! #news #update #travel #cool www.website.com ğŸ‰
@user1,2025-04-01 07:00:00,Instagram,@user11 Can't believe this happened... #cool #life #meme #update www.website.com ğŸ‰
@user3,2025-04-01 08:00:00,Facebook,@user13 Throwback to last weekend! #update #tech #meme #cool www.website.com ğŸ˜‚
@user7,2025-04-01 09:00:00,Facebook,@user5 Feeling great today! #news #AI #fun https://news.site/post â˜•
@user17,2025-04-01 10:00:00,Reddit,"@user8 Wow, just wow. #update #life http://example.com ğŸ™Œ"
@user8,2025-04-01 11:00:00,Instagram,@user7 Big announcement coming soon! #fun #tech https://news.site/post ğŸ˜±
@user12,2025-04-01 12:00:00,Instagram,"@user18 Wow, just wow. #cool #fun #life http://example.com ğŸ’¯"
@user17,2025-04-01 13:00:00,Twitter,@user15 Loving the vibes here! #meme #AI https://imgur.com/meme â˜•
@user9,2025-04-01 14:00:00,Reddit,@user16 Join the event! #meme #AI http://example.com ğŸ™Œ
@user16,2025-04-01 15:00:00,LinkedIn,@user14 Feeling great today! #sunset #cool #travel #AI www.website.com ğŸ™Œ
@user7,2025-04-01 16:00:00,LinkedIn,@user4 Loving the vibes here! #sunset #news #tech #travel https://t.co/abc123 ğŸ˜±
@user8,2025-04-01 17:00:00,Reddit,@user4 What a day! #tech #cool #update #sunset www.website.com ğŸ˜
@user7,2025-04-01 18:00:00,LinkedIn,@user11 What a day! #meme #update #cool http://example.com ğŸ‰
@user19,2025-04-01 19:00:00,LinkedIn,@user19 Feeling great today! #AI #cool #fun #news www.website.com ğŸŒŸ
@user18,2025-04-01 20:00:00,Facebook,@user6 Throwback to last weekend! #tech #fun #cool #news https://news.site/post ğŸ”¥
@user1,2025-04-01 21:00:00,Instagram,@user2 Feeling great today! #life #tech #sunset https://news.site/post ğŸ’¯
@user6,2025-04-01 22:00:00,Instagram,@user18 Join the event! #tech #update #fun https://t.co/abc123 ğŸ™Œ
@user19,2025-04-01 23:00:00,Reddit,@user1 Join the event! #update #life #news #meme www.website.com ğŸ˜
@user17,2025-04-02 00:00:00,Twitter,@user16 Can't believe this happened... #travel #update #tech https://news.site/post ğŸ’¯
@user13,2025-04-02 01:00:00,Facebook,@user12 Can't believe this happened... #life #meme #AI https://imgur.com/meme ğŸ˜‚
@user9,2025-04-02 02:00:00,Reddit,"@user5 Wow, just wow. #life #cool #AI #travel http://example.com â˜•"
@user6,2025-04-02 03:00:00,Twitter,@user4 Coding late at night! #tech #meme #cool #life https://t.co/abc123 â˜•
@user12,2025-04-02 04:00:00,Twitter,@user17 Feeling great today! #AI #news #sunset #tech http://example.com ğŸ‰
@user19,2025-04-02 05:00:00,Facebook,@user16 Can't believe this happened... #update #meme https://t.co/abc123 ğŸ‰
@user5,2025-04-02 06:00:00,LinkedIn,@user6 Coding late at night! #meme #tech #travel #update www.website.com ğŸ’¯
@user1,2025-04-02 07:00:00,LinkedIn,@user6 Big announcement coming soon! #AI #cool #life https://t.co/abc123 â˜•
@user12,2025-04-02 08:00:00,Reddit,@user9 What a day! #update #cool http://example.com ğŸŒŸ
@user11,2025-04-02 09:00:00,Reddit,@user15 Check this out! #tech #meme #travel #fun https://imgur.com/meme ğŸ˜±
@user6,2025-04-02 10:00:00,LinkedIn,@user17 What a day! #tech #news #update #life http://example.com ğŸ˜‚
@user17,2025-04-02 11:00:00,LinkedIn,@user1 Big announcement coming soon! #fun #travel #life #AI https://imgur.com/meme ğŸ˜
@user8,2025-04-02 12:00:00,Reddit,@user18 Check this out! #travel #AI #tech #cool https://imgur.com/meme ğŸ˜
@user4,2025-04-02 13:00:00,Twitter,@user14 Throwback to last weekend! #update #sunset #cool #meme https://news.site/post ğŸŒŸ
@user6,2025-04-02 14:00:00,Reddit,@user16 Feeling great today! #fun #news #travel http://example.com ğŸ™Œ
@user17,2025-04-02 15:00:00,Instagram,@user4 Can't believe this happened... #fun #travel #tech https://news.site/post â˜•
@user2,2025-04-02 16:00:00,Instagram,@user10 Loving the vibes here! #travel #fun https://imgur.com/meme ğŸ”¥
@user15,2025-04-02 17:00:00,Reddit,@user4 Check this out! #travel #fun #life #update http://example.com ğŸ’¯
@user17,2025-04-02 18:00:00,Twitter,@user15 Coding late at night! #AI #meme #update #sunset https://t.co/abc123 ğŸ’¯
@user10,2025-04-02 19:00:00,Facebook,@user8 Can't believe this happened... #meme #news https://t.co/abc123 ğŸŒŸ
@user9,2025-04-02 20:00:00,Instagram,@user5 What a day! #cool #fun #meme #travel https://t.co/abc123 ğŸ˜
@user11,2025-04-02 21:00:00,Instagram,@user10 Feeling great today! #meme #life #AI https://news.site/post ğŸ˜‚
@user6,2025-04-02 22:00:00,Twitter,@user15 Can't believe this happened... #cool #sunset #update #AI https://imgur.com/meme â˜•
@user19,2025-04-02 23:00:00,Reddit,@user10 Check this out! #travel #meme http://example.com ğŸ”¥
@user20,2025-04-03 00:00:00,LinkedIn,"@user4 Wow, just wow. #news #fun #AI https://imgur.com/meme ğŸŒŸ"
@user8,2025-04-03 01:00:00,Instagram,@user20 What a day! #AI #sunset #meme www.website.com ğŸ˜‚
@user1,2025-04-03 02:00:00,LinkedIn,@user20 Big announcement coming soon! #travel #fun www.website.com â˜•
@user16,2025-04-03 03:00:00,LinkedIn,@user18 Throwback to last weekend! #tech #AI #update #sunset http://example.com â˜•
@user5,2025-04-03 04:00:00,LinkedIn,"@user14 Wow, just wow. #fun #AI #news http://example.com â˜•"
@user10,2025-04-03 05:00:00,LinkedIn,@user10 Loving the vibes here! #cool #life #AI #sunset https://t.co/abc123 ğŸ’¯
@user2,2025-04-03 06:00:00,Reddit,"@user15 Wow, just wow. #life #travel #fun #meme https://imgur.com/meme ğŸ˜"
@user6,2025-04-03 07:00:00,Twitter,@user2 Throwback to last weekend! #update #cool www.website.com ğŸ”¥
@user7,2025-04-03 08:00:00,Instagram,@user13 Loving the vibes here! #travel #sunset https://news.site/post ğŸ˜
@user20,2025-04-03 09:00:00,Instagram,@user12 Feeling great today! #cool #AI http://example.com ğŸ”¥
@user3,2025-04-03 10:00:00,Reddit,@user10 Throwback to last weekend! #travel #cool #sunset #AI https://imgur.com/meme ğŸ”¥
@user3,2025-04-03 11:00:00,LinkedIn,@user2 Check this out! #life #meme https://imgur.com/meme ğŸ˜±
@user7,2025-04-03 12:00:00,Twitter,@user3 Feeling great today! #news #life #tech https://t.co/abc123 ğŸŒŸ
@user5,2025-04-03 13:00:00,LinkedIn,@user17 Check this out! #update #AI #tech www.website.com ğŸ’¯
@user13,2025-04-03 14:00:00,Instagram,@user20 Can't believe this happened... #news #AI https://t.co/abc123 â˜•
@user8,2025-04-03 15:00:00,Twitter,@user13 Throwback to last weekend! #fun #cool #sunset #life https://imgur.com/meme ğŸ˜±
@user3,2025-04-03 16:00:00,Reddit,"@user20 Wow, just wow. #sunset #life #update #meme https://imgur.com/meme ğŸ‰"
@user3,2025-04-03 17:00:00,Twitter,@user4 Throwback to last weekend! #news #sunset https://imgur.com/meme ğŸ™Œ
@user20,2025-04-03 18:00:00,Facebook,@user12 What a day! #sunset #meme #update #travel https://t.co/abc123 ğŸ˜
@user19,2025-04-03 19:00:00,Instagram,@user10 Throwback to last weekend! #AI #meme http://example.com ğŸ˜
@user5,2025-04-03 20:00:00,Reddit,@user14 Coding late at night! #update #meme #travel #life https://news.site/post ğŸ”¥
@user15,2025-04-03 21:00:00,Facebook,@user11 Feeling great today! #AI #news #meme #tech https://t.co/abc123 ğŸŒŸ
@user16,2025-04-03 22:00:00,Twitter,@user9 Can't believe this happened... #tech #cool www.website.com ğŸŒŸ
@user12,2025-04-03 23:00:00,Instagram,@user18 Loving the vibes here! #sunset #news #AI http://example.com ğŸ’¯
@user4,2025-04-04 00:00:00,Reddit,@user15 Coding late at night! #life #cool #news www.website.com ğŸ‰
@user5,2025-04-04 01:00:00,Twitter,@user17 Coding late at night! #update #AI #sunset #meme www.website.com â˜•
@user12,2025-04-04 02:00:00,Reddit,@user8 Can't believe this happened... #travel #news #AI #cool https://t.co/abc123 ğŸ˜
@user18,2025-04-04 03:00:00,Reddit,@user12 Loving the vibes here! #life #update https://t.co/abc123 ğŸ˜‚
@user6,2025-04-04 04:00:00,Facebook,@user6 Loving the vibes here! #sunset #news #life #fun http://example.com ğŸ’¯
@user11,2025-04-04 05:00:00,Twitter,@user14 Check this out! #life #news #update http://example.com ğŸ˜
@user6,2025-04-04 06:00:00,Reddit,"@user12 Wow, just wow. #sunset #fun https://news.site/post â˜•"
@user8,2025-04-04 07:00:00,Twitter,@user13 Join the event! #news #AI #tech #travel https://imgur.com/meme â˜•
@user16,2025-04-04 08:00:00,Instagram,@user1 Can't believe this happened... #news #cool #meme #sunset https://imgur.com/meme ğŸ‰
@user13,2025-04-04 09:00:00,LinkedIn,"@user18 Wow, just wow. #sunset #life #meme #travel https://imgur.com/meme ğŸ˜"
@user4,2025-04-04 10:00:00,Instagram,@user15 Throwback to last weekend! #cool #fun #news www.website.com ğŸ‰
@user16,2025-04-04 11:00:00,Reddit,@user13 Loving the vibes here! #meme #sunset #tech http://example.com ğŸ˜‚
@user3,2025-04-04 12:00:00,Twitter,@user16 What a day! #update #sunset https://news.site/post â˜•
@user7,2025-04-04 13:00:00,LinkedIn,@user6 Loving the vibes here! #news #meme www.website.com ğŸŒŸ
@user3,2025-04-04 14:00:00,Twitter,@user7 Big announcement coming soon! #sunset #fun #tech https://news.site/post ğŸŒŸ
@user1,2025-04-04 15:00:00,Twitter,@user13 Big announcement coming soon! #life #tech #fun https://imgur.com/meme ğŸ‰
@user1,2025-04-04 16:00:00,LinkedIn,@user11 Feeling great today! #sunset #cool #news https://imgur.com/meme â˜•
@user2,2025-04-04 17:00:00,Facebook,@user19 Feeling great today! #tech #cool #life http://example.com ğŸŒŸ
@user15,2025-04-04 18:00:00,LinkedIn,@user19 Big announcement coming soon! #sunset #travel #update www.website.com ğŸ™Œ
@user5,2025-04-04 19:00:00,Twitter,"@user16 Wow, just wow. #update #sunset #cool #travel http://example.com ğŸŒŸ"
@user2,2025-04-04 20:00:00,Facebook,@user7 Big announcement coming soon! #meme #life #sunset https://t.co/abc123 ğŸ‰
@user17,2025-04-04 21:00:00,Twitter,@user2 Loving the vibes here! #travel #news https://t.co/abc123 ğŸ˜±
@user14,2025-04-04 22:00:00,Reddit,@user11 Check this out! #tech #sunset #travel http://example.com ğŸ˜±
@user10,2025-04-04 23:00:00,Instagram,"@user17 Wow, just wow. #sunset #life https://t.co/abc123 â˜•"
@user8,2025-04-05 00:00:00,LinkedIn,@user1 Loving the vibes here! #meme #news #AI #sunset https://news.site/post ğŸ˜±
@user2,2025-04-05 01:00:00,LinkedIn,@user12 What a day! #cool #life #meme http://example.com ğŸ˜±
@user20,2025-04-05 02:00:00,Instagram,@user5 Check this out! #fun #sunset #life www.website.com ğŸ˜‚
@user3,2025-04-05 03:00:00,Instagram,@user20 What a day! #AI #travel #update #fun https://imgur.com/meme ğŸ”¥
